{"stats":{"minecraft:mined":{"minecraft:white_bed":11,"minecraft:cherry_log":117,"mcwdoors:cherry_japanese_door":2,"minecraft:stripped_cherry_log":10,"minecraft:grass_block":3,"minecraft:white_concrete":10,"minecraft:oxeye_daisy":5,"minecraft:sandstone":3,"minecraft:white_concrete_powder":7,"minecraft:pink_concrete":353,"minecraft:azure_bluet":2,"another_furniture:cherry_bench":10,"minecraft:pink_concrete_powder":20,"minecraft:dandelion":10,"minecraft:oak_fence":1,"minecraft:cornflower":1,"minecraft:poppy":1,"minecraft:tall_grass":12,"minecraft:oak_planks":6,"minecraft:sugar_cane":15,"minecraft:pink_petals":3,"minecraft:bee_nest":1,"minecraft:grass":62,"minecraft:oak_log":11,"mcwfurnitures:stripped_cherry_striped_chair":1,"minecraft:cherry_leaves":7,"minecraft:sand":287,"minecraft:fern":1},"minecraft:used":{"minecraft:oak_fence":1,"minecraft:stone_sword":47,"minecraft:stone_shovel":131,"minecraft:poppy":1,"minecraft:white_concrete_powder":8,"minecraft:wooden_shovel":59,"minecraft:rotten_flesh":1,"minecraft:carrot":3,"minecraft:beef":5,"minecraft:furnace":2,"minecraft:cooked_beef":2,"minecraft:cherry_log":23,"minecraft:cooked_mutton":6,"minecraft:stone_pickaxe":131,"minecraft:oak_planks":60,"minecraft:cherry_planks":1,"minecraft:leather_boots":2,"minecraft:pink_concrete":86,"minecraft:sand":249,"minecraft:white_bed":10,"mcwdoors:cherry_japanese_door":3,"another_furniture:cherry_bench":10,"minecraft:iron_pickaxe":314,"minecraft:stone_axe":176,"minecraft:pink_petals":1,"minecraft:wooden_sword":5,"mcwfurnitures:stripped_cherry_striped_chair":5,"minecraft:oak_boat":1,"minecraft:stripped_cherry_log":3,"minecraft:white_concrete":66},"minecraft:broken":{"minecraft:wooden_shovel":1,"minecraft:stone_pickaxe":1,"minecraft:stone_axe":1,"minecraft:iron_pickaxe":1,"minecraft:stone_shovel":1},"minecraft:picked_up":{"minecraft:azure_bluet":2,"minecraft:chicken":7,"minecraft:ladder":2,"minecraft:stripped_cherry_log":12,"mcwdoors:cherry_japanese_door":2,"minecraft:shield":5,"minecraft:cornflower":1,"minecraft:string":5,"minecraft:wooden_sword":2,"minecraft:cherry_pressure_plate":2,"minecraft:beef":10,"minecraft:oak_boat":1,"minecraft:wooden_shovel":2,"minecraft:poppy":12,"minecraft:iron_pickaxe":9,"another_furniture:cherry_bench":10,"minecraft:sugar_cane":38,"minecraft:egg":7,"minecraft:furnace":2,"minecraft:stick":46,"minecraft:sandstone":9,"minecraft:cherry_stairs":55,"minecraft:oak_fence":8,"minecraft:torch":8,"minecraft:cherry_log":108,"minecraft:carrot":4,"minecraft:stone_sword":9,"minecraft:rotten_flesh":17,"minecraft:stone_shovel":1,"minecraft:cod":3,"mcwfurnitures:stripped_cherry_striped_chair":1,"minecraft:cobblestone":46,"minecraft:oxeye_daisy":14,"minecraft:pink_petals":8,"minecraft:feather":4,"minecraft:cooked_beef":7,"minecraft:cherry_planks":37,"minecraft:water_bucket":1,"minecraft:leather":10,"minecraft:oak_log":11,"minecraft:cherry_fence":10,"minecraft:dirt":25,"minecraft:cooked_mutton":15,"minecraft:birch_pressure_plate":1,"minecraft:leather_boots":4,"minecraft:glass":15,"minecraft:bone":11,"minecraft:kelp":16,"minecraft:wheat_seeds":17,"minecraft:stone_pickaxe":1,"minecraft:oak_planks":112,"minecraft:stone_hoe":4,"minecraft:pink_concrete":660,"minecraft:dandelion":19,"minecraft:sand":701,"minecraft:white_bed":14,"minecraft:spider_eye":1,"minecraft:leather_helmet":1,"minecraft:white_concrete_powder":18,"minecraft:stone_axe":2,"minecraft:cherry_sapling":7,"minecraft:bone_meal":120,"minecraft:white_concrete":351,"minecraft:bread":6,"minecraft:cherry_slab":1},"minecraft:killed_by":{"minecraft:player":2,"minecraft:zombie":1},"minecraft:custom":{"minecraft:mob_kills":11,"minecraft:interact_with_crafting_table":19,"minecraft:leave_game":13,"minecraft:time_since_death":154452,"minecraft:climb_one_cm":46347,"minecraft:sprint_one_cm":75833,"minecraft:walk_one_cm":1688310,"minecraft:drop":111,"minecraft:play_time":399140,"minecraft:deaths":6,"minecraft:sneak_time":693,"minecraft:walk_under_water_one_cm":24611,"minecraft:boat_one_cm":745316,"minecraft:jump":1531,"minecraft:walk_on_water_one_cm":24998,"minecraft:total_world_time":399140,"minecraft:interact_with_furnace":4,"minecraft:sleep_in_bed":31,"minecraft:time_since_rest":11983,"minecraft:damage_taken":2711,"minecraft:damage_dealt":2975,"minecraft:swim_one_cm":385,"minecraft:fly_one_cm":8463,"minecraft:player_kills":1,"minecraft:open_chest":10,"minecraft:crouch_one_cm":2926,"minecraft:fall_one_cm":28962,"minecraft:horse_one_cm":5238},"minecraft:killed":{"minecraft:horse":1,"minecraft:bee":2,"minecraft:chicken":2,"minecraft:wandering_trader":1,"minecraft:cow":3},"minecraft:dropped":{"minecraft:stone_hoe":1,"minecraft:bread":4,"minecraft:cherry_log":4,"minecraft:oak_fence":3,"minecraft:leather":5,"minecraft:cod":3,"minecraft:stick":2,"minecraft:oxeye_daisy":1,"minecraft:torch":1,"minecraft:cherry_planks":18,"minecraft:wooden_sword":1,"minecraft:iron_pickaxe":1,"minecraft:bone":1,"minecraft:pink_concrete":29,"minecraft:stone_axe":1,"minecraft:sugar_cane":20,"minecraft:stone_sword":4,"minecraft:rotten_flesh":7,"minecraft:cooked_mutton":2,"minecraft:shield":1,"minecraft:wooden_shovel":2,"minecraft:stripped_cherry_log":1,"minecraft:beef":1,"minecraft:stone_pickaxe":1,"minecraft:cherry_fence":5,"minecraft:egg":1},"minecraft:crafted":{"minecraft:cherry_planks":24,"minecraft:oak_planks":44,"minecraft:cherry_wood":3,"minecraft:cherry_slab":6,"mcwfurnitures:stripped_cherry_striped_chair":4,"minecraft:stone_pickaxe":1,"minecraft:stone_hoe":1,"minecraft:cherry_fence":12,"minecraft:wooden_shovel":1,"minecraft:cherry_button":1,"minecraft:stone_axe":1,"minecraft:paper":6,"minecraft:stick":16,"mcwdoors:cherry_japanese_door":3}},"DataVersion":3465}