{"stats":{"minecraft:used":{"minecraft:dirt":1,"minecraft:gravel":4},"minecraft:mined":{"minecraft:grass_block":1},"minecraft:custom":{"minecraft:jump":36,"minecraft:time_since_rest":7861,"minecraft:crouch_one_cm":1,"minecraft:leave_game":5,"minecraft:play_time":7861,"minecraft:sprint_one_cm":3717,"minecraft:damage_taken":225,"minecraft:time_since_death":7861,"minecraft:walk_one_cm":8409,"minecraft:sneak_time":11,"minecraft:total_world_time":7861,"minecraft:fall_one_cm":1314,"minecraft:fly_one_cm":22497},"minecraft:picked_up":{"supplementaries:ash":1,"minecraft:rotten_flesh":1,"minecraft:dirt":1}},"DataVersion":3465}