{"stats":{"minecraft:picked_up":{"minecraft:seagrass":2,"minecraft:birch_door":3,"minecraft:lead":7,"minecraft:oak_stairs":4,"minecraft:string":11,"minecraft:cherry_pressure_plate":4,"minecraft:oak_sign":3,"minecraft:bucket":1,"minecraft:spruce_planks":98,"minecraft:iron_pickaxe":3,"minecraft:furnace":3,"minecraft:stick":133,"minecraft:oak_fence":12,"minecraft:torch":23,"minecraft:porkchop":27,"minecraft:cherry_log":309,"minecraft:diorite":23,"minecraft:yellow_concrete_powder":8,"minecraft:stone_sword":2,"minecraft:rotten_flesh":45,"another_furniture:cherry_shelf":15,"mcwfurnitures:stripped_cherry_end_table":13,"minecraft:obsidian":4,"mcwfurnitures:stripped_cherry_striped_chair":1,"minecraft:cobblestone":241,"minecraft:birch_log":72,"minecraft:pink_petals":156,"minecraft:cooked_beef":10,"minecraft:feather":13,"minecraft:lilac":1,"minecraft:cherry_planks":56,"minecraft:water_bucket":1,"minecraft:andesite":12,"minecraft:brown_wool":2,"minecraft:potato":4,"minecraft:flint":8,"minecraft:cherry_fence":10,"minecraft:stripped_birch_log":12,"minecraft:cherry_door":5,"minecraft:pink_concrete_powder":30,"minecraft:dirt":187,"minecraft:leather_boots":4,"minecraft:glass":51,"minecraft:bone":14,"minecraft:bow":3,"minecraft:wheat_seeds":82,"minecraft:oak_planks":184,"minecraft:pink_concrete":1199,"minecraft:sand":745,"minecraft:ink_sac":13,"minecraft:grass_block":1,"another_furniture:pink_sofa":3,"minecraft:black_concrete":56,"minecraft:granite":7,"minecraft:bone_meal":24,"minecraft:white_concrete":464,"minecraft:bread":53,"minecraft:oak_sapling":102,"minecraft:cherry_slab":31,"minecraft:crafting_table":8,"minecraft:azure_bluet":6,"minecraft:chicken":14,"minecraft:ladder":4,"minecraft:clay_ball":8,"minecraft:leather_leggings":1,"minecraft:wooden_pickaxe":2,"another_furniture:cherry_flower_box":7,"minecraft:stripped_cherry_log":38,"minecraft:shield":3,"minecraft:cornflower":18,"minecraft:birch_fence":5,"minecraft:beef":38,"minecraft:oak_boat":5,"minecraft:poppy":12,"minecraft:light_gray_wool":1,"another_furniture:cherry_bench":13,"minecraft:chest":4,"minecraft:sugar_cane":38,"minecraft:birch_sapling":12,"minecraft:cherry_trapdoor":3,"minecraft:egg":6,"minecraft:raw_iron":1,"minecraft:sandstone":13,"minecraft:cherry_stairs":32,"minecraft:white_dye":12,"minecraft:carrot":14,"minecraft:arrow":26,"minecraft:hay_block":75,"minecraft:mutton":76,"another_furniture:pink_curtain":4,"minecraft:white_wool":43,"minecraft:oxeye_daisy":12,"minecraft:salmon":1,"minecraft:leather":60,"minecraft:birch_planks":131,"minecraft:oak_log":259,"minecraft:yellow_bed":3,"minecraft:gunpowder":12,"another_furniture:cherry_table":9,"minecraft:birch_pressure_plate":2,"minecraft:cooked_mutton":16,"minecraft:apple":15,"minecraft:iron_ingot":2,"minecraft:stone_pickaxe":2,"minecraft:book":6,"minecraft:oak_slab":16,"minecraft:yellow_concrete":1,"minecraft:dandelion":65,"minecraft:gravel":1044,"minecraft:white_bed":19,"minecraft:spruce_log":27,"minecraft:spider_eye":12,"minecraft:leather_helmet":1,"minecraft:white_concrete_powder":7,"minecraft:stone_axe":2,"minecraft:painting":26,"minecraft:cherry_sapling":96,"minecraft:gray_wool":2,"minecraft:black_wool":1,"minecraft:pink_dye":35,"minecraft:coal":35,"minecraft:ender_pearl":1},"minecraft:dropped":{"minecraft:cooked_beef":7,"minecraft:leather":2,"minecraft:cherry_pressure_plate":1,"minecraft:leather_helmet":1,"minecraft:dirt":2,"minecraft:birch_fence":3,"minecraft:cornflower":1,"minecraft:mutton":1,"minecraft:wooden_sword":1,"minecraft:bone_meal":24,"minecraft:iron_pickaxe":4,"minecraft:bone":2,"minecraft:pink_concrete":29,"minecraft:stone_axe":1,"minecraft:sugar_cane":10,"minecraft:cherry_stairs":11,"minecraft:cherry_sapling":2,"minecraft:rotten_flesh":16,"minecraft:oak_planks":17,"minecraft:cooked_mutton":13,"minecraft:salmon":1,"minecraft:carrot":7,"minecraft:poppy":5,"minecraft:leather_chestplate":1,"minecraft:leather_boots":2,"minecraft:birch_door":1,"minecraft:arrow":2,"minecraft:glass":15,"minecraft:cherry_fence":1,"minecraft:egg":2,"minecraft:water_bucket":1,"minecraft:bread":44,"minecraft:wheat_seeds":30,"minecraft:cherry_log":12,"minecraft:oak_fence":2,"minecraft:feather":2,"minecraft:cobblestone":41,"minecraft:stick":24,"minecraft:oxeye_daisy":2,"minecraft:torch":7,"minecraft:wooden_axe":1,"minecraft:white_concrete":101,"minecraft:cherry_planks":18,"minecraft:string":1,"minecraft:pink_petals":62,"minecraft:dandelion":20,"minecraft:furnace":2,"minecraft:stone_sword":2,"minecraft:stone_shovel":1,"minecraft:chicken":2,"minecraft:birch_pressure_plate":1,"minecraft:cherry_slab":7,"minecraft:oak_sign":2,"minecraft:shield":2,"minecraft:spider_eye":1,"minecraft:spruce_log":2,"minecraft:stone_pickaxe":3,"minecraft:wooden_pickaxe":3},"minecraft:used":{"mcwfurnitures:stripped_birch_counter":2,"minecraft:cherry_sapling":83,"minecraft:ladder":8,"minecraft:poppy":3,"minecraft:white_concrete_powder":326,"minecraft:chest":16,"minecraft:shield":42,"minecraft:rotten_flesh":2,"minecraft:birch_pressure_plate":1,"minecraft:mutton":9,"minecraft:carrot":14,"minecraft:azure_bluet":6,"minecraft:obsidian":4,"minecraft:glass":51,"minecraft:lantern":18,"minecraft:grass_block":2,"minecraft:birch_sapling":2,"minecraft:bow":7,"minecraft:oak_sapling":37,"minecraft:furnace":6,"minecraft:egg":2,"minecraft:pink_concrete_powder":830,"minecraft:seagrass":2,"minecraft:stone_pickaxe":603,"minecraft:oak_planks":209,"minecraft:wooden_pickaxe":86,"minecraft:sandstone":10,"mcwfurnitures:stripped_cherry_glass_table":1,"another_furniture:cherry_flower_box":19,"minecraft:sand":776,"minecraft:yellow_concrete":1,"minecraft:black_concrete_powder":56,"minecraft:birch_fence":2,"another_furniture:cherry_bench":14,"minecraft:black_concrete":12,"minecraft:bread":56,"minecraft:oak_pressure_plate":1,"minecraft:gravel":10,"minecraft:wooden_sword":140,"minecraft:oak_boat":8,"minecraft:white_concrete":312,"minecraft:bone_meal":104,"minecraft:oak_fence":26,"minecraft:cherry_boat":1,"minecraft:oak_trapdoor":4,"mcwfurnitures:stripped_cherry_end_table":21,"minecraft:stone_sword":153,"another_furniture:pink_curtain":24,"minecraft:stone_shovel":304,"minecraft:spruce_planks":40,"minecraft:wooden_shovel":140,"minecraft:torch":97,"minecraft:dirt":117,"minecraft:cherry_pressure_plate":2,"another_furniture:cherry_table":9,"minecraft:birch_door":2,"minecraft:wooden_axe":411,"minecraft:bookshelf":5,"minecraft:oak_stairs":36,"minecraft:cherry_slab":58,"minecraft:cherry_trapdoor":11,"minecraft:cherry_fence_gate":1,"mcwfurnitures:dark_oak_striped_chair":6,"minecraft:yellow_concrete_powder":2,"minecraft:beef":5,"another_furniture:cherry_shelf":18,"minecraft:cooked_beef":13,"minecraft:cherry_fence":35,"minecraft:cherry_log":63,"minecraft:cooked_mutton":15,"another_furniture:pink_lamp":2,"minecraft:water_bucket":15,"minecraft:birch_planks":33,"minecraft:baked_potato":7,"minecraft:birch_boat":2,"another_furniture:pink_sofa":6,"minecraft:cherry_planks":158,"minecraft:leather_boots":1,"minecraft:pink_concrete":314,"minecraft:oak_slab":24,"minecraft:crafting_table":21,"minecraft:white_bed":22,"minecraft:painting":31,"minecraft:oak_log":22,"minecraft:flower_pot":1,"minecraft:black_wool":1,"minecraft:cornflower":8,"minecraft:oxeye_daisy":5,"minecraft:cherry_door":4,"minecraft:chicken":1,"minecraft:iron_pickaxe":741,"minecraft:leather_helmet":1,"minecraft:stone_axe":903,"minecraft:cobblestone":13,"minecraft:cherry_stairs":98,"minecraft:cooked_porkchop":3,"minecraft:bucket":15,"mcwfurnitures:stripped_cherry_striped_chair":1,"minecraft:yellow_bed":3,"minecraft:dandelion":29},"minecraft:custom":{"minecraft:interact_with_crafting_table":167,"minecraft:leave_game":32,"minecraft:time_since_death":370825,"minecraft:sprint_one_cm":1240708,"minecraft:damage_blocked_by_shield":1230,"minecraft:drop":162,"minecraft:talked_to_villager":1,"minecraft:play_time":819342,"minecraft:deaths":5,"minecraft:jump":8489,"minecraft:walk_on_water_one_cm":109327,"minecraft:interact_with_furnace":113,"minecraft:sleep_in_bed":55,"minecraft:damage_dealt":26570,"minecraft:player_kills":2,"minecraft:crouch_one_cm":155999,"minecraft:horse_one_cm":117221,"minecraft:mob_kills":201,"minecraft:climb_one_cm":43888,"minecraft:walk_one_cm":2290279,"minecraft:sneak_time":50404,"minecraft:walk_under_water_one_cm":31278,"minecraft:boat_one_cm":1318090,"minecraft:total_world_time":819342,"minecraft:pot_flower":1,"minecraft:time_since_rest":21100,"minecraft:damage_taken":5154,"minecraft:swim_one_cm":156471,"minecraft:fly_one_cm":1870024,"minecraft:open_chest":143,"minecraft:fall_one_cm":147994},"minecraft:killed":{"minecraft:spider":17,"minecraft:skeleton":17,"minecraft:bee":4,"minecraft:chicken":13,"minecraft:turtle":1,"minecraft:pig":14,"minecraft:salmon":1,"minecraft:creeper":6,"minecraft:sheep":47,"minecraft:trader_llama":6,"minecraft:zombie":38,"minecraft:cow":21,"minecraft:horse":3,"minecraft:wandering_trader":2,"minecraft:squid":6,"minecraft:polar_bear":1,"minecraft:enderman":1},"minecraft:killed_by":{"minecraft:zombie":2,"minecraft:player":2},"minecraft:crafted":{"minecraft:brick":6,"minecraft:black_dye":7,"minecraft:oak_planks":480,"minecraft:cherry_pressure_plate":1,"minecraft:cherry_slab":168,"minecraft:oak_pressure_plate":1,"minecraft:birch_boat":2,"minecraft:birch_slab":12,"minecraft:cherry_boat":1,"another_furniture:cherry_flower_box":12,"another_furniture:cherry_bench":3,"minecraft:bookshelf":5,"minecraft:cooked_mutton":29,"mcwfurnitures:stripped_cherry_glass_table":1,"minecraft:glass":83,"minecraft:chest":12,"another_furniture:pink_curtain":24,"minecraft:birch_door":3,"minecraft:oak_fence":18,"minecraft:cherry_fence":54,"minecraft:flower_pot":1,"minecraft:oak_slab":12,"minecraft:wooden_shovel":3,"minecraft:cooked_porkchop":3,"minecraft:crafting_table":15,"minecraft:spruce_planks":96,"mcwfurnitures:stripped_cherry_end_table":9,"minecraft:baked_potato":7,"mcwfurnitures:stripped_cherry_coffee_table":10,"minecraft:wooden_pickaxe":3,"another_furniture:cherry_table":6,"minecraft:birch_pressure_plate":1,"mcwfurnitures:stripped_birch_counter":2,"minecraft:birch_planks":244,"minecraft:painting":5,"minecraft:book":9,"minecraft:paper":27,"minecraft:charcoal":25,"minecraft:yellow_dye":1,"minecraft:pink_wool":10,"minecraft:shield":2,"minecraft:birch_fence":3,"minecraft:stick":188,"minecraft:iron_ingot":3,"minecraft:iron_pickaxe":1,"minecraft:stone_sword":2,"another_furniture:pink_sofa":3,"minecraft:cherry_planks":764,"minecraft:wooden_sword":3,"minecraft:yellow_concrete_powder":8,"minecraft:stone_shovel":4,"minecraft:furnace":5,"minecraft:pink_dye":10,"minecraft:oak_trapdoor":4,"minecraft:cherry_trapdoor":10,"another_furniture:pink_lamp":3,"minecraft:white_concrete_powder":576,"minecraft:black_concrete_powder":56,"minecraft:ladder":6,"minecraft:cherry_stairs":88,"minecraft:stone_pickaxe":7,"another_furniture:cherry_shelf":15,"minecraft:cherry_fence_gate":1,"minecraft:wheat":405,"minecraft:cooked_beef":20,"minecraft:pink_concrete_powder":800,"minecraft:bucket":1,"minecraft:stone_axe":9,"minecraft:bread":135,"minecraft:air":0,"mcwfurnitures:stripped_cherry_table":9,"minecraft:oak_boat":3,"minecraft:white_dye":100,"minecraft:oak_stairs":36,"minecraft:wooden_axe":7,"minecraft:cherry_door":6,"minecraft:white_bed":3,"minecraft:torch":152},"minecraft:broken":{"minecraft:wooden_shovel":2,"minecraft:stone_pickaxe":3,"minecraft:wooden_sword":2,"minecraft:stone_axe":7,"minecraft:wooden_axe":5,"minecraft:stone_shovel":2,"minecraft:leather_helmet":1,"minecraft:stone_sword":1,"minecraft:leather_boots":1,"minecraft:iron_pickaxe":3},"minecraft:mined":{"another_furniture:pink_curtain":4,"mcwfurnitures:stripped_cherry_end_table":13,"minecraft:cherry_pressure_plate":1,"minecraft:white_bed":20,"minecraft:cherry_log":284,"minecraft:cherry_trapdoor":2,"minecraft:granite":7,"minecraft:grass_block":109,"minecraft:white_concrete":476,"minecraft:oxeye_daisy":10,"minecraft:iron_ore":6,"minecraft:azure_bluet":6,"minecraft:oak_sign":1,"minecraft:dirt_path":9,"minecraft:oak_stairs":4,"another_furniture:cherry_bench":13,"minecraft:clay":2,"minecraft:torch":5,"minecraft:poppy":7,"minecraft:chest":4,"minecraft:glass":30,"minecraft:cobblestone":10,"minecraft:sugar_cane":6,"minecraft:oak_planks":79,"minecraft:wall_torch":9,"minecraft:cherry_slab":24,"minecraft:pink_petals":29,"minecraft:cherry_fence":8,"another_furniture:cherry_table":9,"minecraft:birch_log":65,"minecraft:wheat":14,"minecraft:lilac":1,"minecraft:cherry_door":2,"minecraft:birch_door":1,"minecraft:grass":231,"minecraft:oak_log":259,"minecraft:sand":463,"minecraft:dirt":45,"minecraft:oak_leaves":17,"minecraft:cherry_sapling":10,"minecraft:stripped_birch_log":12,"minecraft:stripped_cherry_log":39,"minecraft:ladder":1,"minecraft:yellow_concrete_powder":1,"minecraft:spruce_leaves":25,"minecraft:sandstone":13,"minecraft:white_concrete_powder":7,"minecraft:large_fern":40,"minecraft:hay_block":45,"minecraft:furnace":3,"minecraft:carrots":10,"minecraft:pink_concrete":520,"minecraft:andesite":12,"minecraft:black_concrete":56,"minecraft:bookshelf":2,"minecraft:potatoes":3,"minecraft:stone":220,"minecraft:cherry_stairs":24,"minecraft:oak_slab":15,"minecraft:cherry_planks":16,"minecraft:dandelion":41,"minecraft:oak_fence":10,"minecraft:crafting_table":7,"minecraft:cornflower":11,"minecraft:tall_grass":121,"another_furniture:cherry_shelf":15,"minecraft:diorite":23,"minecraft:birch_planks":1,"another_furniture:cherry_flower_box":7,"minecraft:ice":4,"minecraft:spruce_log":27,"minecraft:birch_leaves":2,"minecraft:yellow_bed":2,"minecraft:coal_ore":35,"mcwfurnitures:stripped_cherry_striped_chair":1,"minecraft:cherry_leaves":66,"minecraft:gravel":120,"minecraft:yellow_concrete":1,"minecraft:birch_fence":2,"another_furniture:pink_sofa":3,"minecraft:fern":2}},"DataVersion":3465}