{"stats":{"minecraft:custom":{"minecraft:jump":13,"minecraft:time_since_rest":681,"minecraft:leave_game":1,"minecraft:crouch_one_cm":276,"minecraft:sprint_one_cm":1404,"minecraft:play_time":681,"minecraft:time_since_death":681,"minecraft:walk_one_cm":5233,"minecraft:sneak_time":27,"minecraft:total_world_time":1135,"minecraft:fly_one_cm":2489},"minecraft:mined":{"minecraft:tall_grass":2,"minecraft:grass":2,"minecraft:grass_block":4,"minecraft:dead_bush":1,"minecraft:oak_leaves":1},"minecraft:used":{"minecraft:dirt":4,"epicfight:uchigatana":1},"minecraft:picked_up":{"minecraft:stick":2,"hexerei:sage_seed":1,"minecraft:dirt":4}},"DataVersion":2975}