{"stats":{"minecraft:dropped":{"minecraft:porkchop":1,"minecraft:cherry_log":1,"minecraft:chicken":1,"minecraft:cobblestone":1,"minecraft:rotten_flesh":3,"minecraft:dirt":1,"minecraft:stone_pickaxe":1,"minecraft:wooden_pickaxe":4,"minecraft:glass":1,"minecraft:pink_petals":1,"minecraft:bucket":1},"minecraft:killed_by":{"minecraft:zombie":1,"minecraft:iron_golem":1},"minecraft:crafted":{"minecraft:cherry_planks":12,"minecraft:cherry_button":4,"minecraft:bucket":1,"minecraft:glass":18,"minecraft:iron_ingot":3},"minecraft:killed":{"minecraft:pig":1},"minecraft:mined":{"minecraft:white_bed":1,"minecraft:glass_pane":1,"minecraft:cherry_planks":2,"minecraft:cherry_log":38,"minecraft:stripped_cherry_log":2,"minecraft:dandelion":3,"minecraft:cornflower":1,"minecraft:grass_block":46,"minecraft:poppy":2,"minecraft:glass":9,"minecraft:tall_grass":2,"minecraft:pink_petals":65,"minecraft:birch_door":1,"minecraft:yellow_bed":1,"minecraft:grass":55,"minecraft:coal_ore":2,"minecraft:dirt_path":7,"minecraft:cherry_leaves":53,"minecraft:sand":19,"minecraft:dirt":12,"minecraft:stone":4},"minecraft:broken":{"minecraft:wooden_axe":1},"minecraft:custom":{"minecraft:interact_with_furnace":5,"minecraft:mob_kills":1,"minecraft:interact_with_crafting_table":2,"minecraft:leave_game":1,"minecraft:time_since_death":16620,"minecraft:sleep_in_bed":9,"minecraft:time_since_rest":7075,"minecraft:sprint_one_cm":9264,"minecraft:damage_taken":1146,"minecraft:walk_one_cm":674407,"minecraft:drop":16,"minecraft:damage_dealt":607,"minecraft:swim_one_cm":811,"minecraft:talked_to_villager":1,"minecraft:fly_one_cm":2655,"minecraft:player_kills":1,"minecraft:open_chest":2,"minecraft:crouch_one_cm":66,"minecraft:play_time":167444,"minecraft:deaths":2,"minecraft:sneak_time":238,"minecraft:walk_under_water_one_cm":5453,"minecraft:boat_one_cm":182173,"minecraft:jump":821,"minecraft:walk_on_water_one_cm":11547,"minecraft:total_world_time":167444,"minecraft:fall_one_cm":12260},"minecraft:used":{"minecraft:cherry_sapling":1,"minecraft:water_bucket":6,"minecraft:stone_pickaxe":31,"minecraft:birch_boat":1,"minecraft:wooden_pickaxe":14,"minecraft:leather_chestplate":3,"minecraft:dirt":1,"minecraft:white_bed":2,"minecraft:birch_door":2,"minecraft:glass":18,"minecraft:wooden_axe":23,"minecraft:bread":10,"minecraft:pink_petals":20,"minecraft:cobblestone":2,"minecraft:porkchop":3,"minecraft:bucket":6,"minecraft:stripped_cherry_log":1,"minecraft:cherry_log":35},"minecraft:picked_up":{"minecraft:wooden_axe":2,"minecraft:birch_log":5,"minecraft:pink_petals":313,"minecraft:birch_door":6,"minecraft:leather_chestplate":3,"minecraft:feather":15,"minecraft:chicken":7,"minecraft:cherry_planks":12,"minecraft:andesite":36,"minecraft:wooden_pickaxe":5,"minecraft:birch_planks":75,"minecraft:stripped_cherry_log":2,"minecraft:yellow_bed":1,"minecraft:gunpowder":3,"minecraft:string":6,"minecraft:dirt":157,"minecraft:glass":1,"minecraft:bone":6,"minecraft:bow":3,"minecraft:wheat_seeds":28,"minecraft:bucket":2,"minecraft:stone_pickaxe":3,"minecraft:poppy":1,"minecraft:birch_sapling":6,"minecraft:cherry_button":4,"minecraft:egg":6,"minecraft:raw_iron":5,"minecraft:cherry_stairs":6,"minecraft:birch_boat":3,"minecraft:torch":4,"minecraft:dandelion":8,"minecraft:porkchop":13,"minecraft:sand":19,"minecraft:cherry_log":38,"minecraft:white_bed":5,"minecraft:spider_eye":3,"minecraft:arrow":6,"minecraft:rotten_flesh":19,"minecraft:cherry_sapling":15,"minecraft:bread":16,"minecraft:coal":4,"minecraft:cobblestone":15}},"DataVersion":3465}