[
  {
    "uuid": "9fd51d11-3aca-3018-ad42-5c0160363d16",
    "displayName": {
      "insertion": "jhonny_25",
      "clickEvent": {
        "action": "suggest_command",
        "value": "/tell jhonny_25 "
      },
      "hoverEvent": {
        "action": "show_entity",
        "contents": {
          "type": "minecraft:player",
          "id": "9fd51d11-3aca-3018-ad42-5c0160363d16",
          "name": {
            "text": "jhonny_25"
          }
        }
      },
      "extra": [
        {
          "text": "jhonny_25"
        }
      ],
      "text": ""
    },
    "animation": "null"
  }
]